[
	~[tlist_sql;
    SELECT
        l.dcid,
        l.entry_time,
        l.entry_date,
        l.entry_author,
        l.entry,
        CASE 
            WHEN l.schoolid = 0 THEN 'DIST'
            ELSE s.abbreviation
        END AS abbreviation,
        l.subject
    FROM LOG l 
    LEFT OUTER JOIN SCHOOLS s
        ON l.schoolid = s.school_number
    WHERE l.studentid = ~(gpv.id) AND l.logtypeid = ~(gpv.cat)]
  {
    "id": "~(id;json)",
    "entry_time": "~(entry_time;json)",
    "entry_date": "~(entry_date;d)",
    "entry_author": "~(entry_author;json)",
    "entry": "~(entry;json)",
    "abbreviation": "~(abbreviation;json)",
    "subject": "~(subject;json)"
  },
	[/tlist_sql]
	{}
]